id_transaccion,id_usuario,monto_str,fecha_operacion,categoria_raw,tipo_movimiento
TXN000001,USR0021,248.84 MXN,25/04/2025,Renta$$,cargo
TXN000002,USR0014,286.89 MXN,2025/09/16,Supermercádo!!,Cargo
TXN000003,USR0014,"$3,621.21",24/01/2026,Réstaurantes,cargo
TXN000004,USR0011,$787.33,2025/06/26,renta_mensual,CARGO
TXN000005,USR0030,10863.57,2025/07/05,NOMINA**,CR
TXN000006,USR0010,"MXN 6,849.78",23-May-2025,renta_mensual,CARGO
TXN000007,USR0023,4892.59,09/01/2026,RENTA,Cargo
TXN000008,USR0023,"$1,795.94",2025-04-28,EDUCACION,cargo
TXN000009,USR0019,"MXN 1,740.38",26-Nov-2025,Entreténimiento,EGRESO
TXN000010,USR0009,"16,670.66 MXN",2025/03/12,AHORRO**,abono
TXN000011,USR0021,6347.03,02-Feb-2025,Tr@nsporte,EGRESO
TXN000012,USR0018,5458.25,01-20-2026,super-mercado,CARGO
TXN000013,USR0024,7776.51,02-24-2025,SALUD**,Cargo
TXN000014,USR0025,$7352.02,2025-09-08,Educación!!,debito
TXN000015,USR0010,$510.51,13-Feb-2025,Restaurántes,debito
TXN000016,USR0022,$7577.45,2025/09/28,SERVICIOS##,Cargo
TXN000017,USR0023,$5717.94,2025/08/13,Réstaurantes,EGRESO
TXN000018,USR0019,"$1,879.41",2025-02-06,Educación!!,Cargo
TXN000019,USR0017,"2,263.89 MXN",04/10/2025,Réstaurantes,EGRESO
TXN000020,USR0004,"MXN 5,288.91",30-Jul-2025,Renta$$,cargo
TXN000021,USR0013,"6,414.71 MXN",09/04/2025,entretenimiento$$,CARGO
TXN000022,USR0008,"$3,572.89",2025/01/26,Renta$$,debito
TXN000023,USR0006,"$9,274.95",26-Mar-2025,Nómina,INGRESO
TXN000024,USR0015,3412.91,05-Dec-2025,SALUD**,DB
TXN000025,USR0024,$534.61,2025/01/26,EDUCACION,cargo
TXN000026,USR0017,6818.17,04/02/2025,Réntá,CARGO
TXN000027,USR0020,4974.08,2025/10/17,super-mercado,EGRESO
TXN000028,USR0008,,08-23-2025,Sálud,DB
TXN000029,USR0004,$4324.19,03-09-2025,Renta$$,debito
TXN000030,USR0027,5643.14,2025/01/05,EDUCACION,debito
TXN000031,USR0009,7123.22,03-21-2025,renta_mensual,DB
TXN000032,USR0021,"$4,068.00",17-Feb-2025,salud_medica,cargo
TXN000033,USR0009,"MXN 5,942.79",2025-10-15,Tránsporte,debito
TXN000034,USR0018,6685.03,17-Mar-2025,SUPERMERCADO,debito
TXN000035,USR0028,"7,196.45 MXN",2025-12-08,super-mercado,Cargo
TXN000036,USR0020,"7,409.82 MXN",01-Apr-2025,Tránsporte,Cargo
TXN000037,USR0014,"$2,171.11",2025-07-15,Réstaurantes,DB
TXN000038,USR0010,"1,822.24 MXN",07-24-2025,restaurante$,DB
TXN000039,USR0021,$3227.44,2025-01-15,EDUCACION,debito
TXN000040,USR0004,"MXN 19,570.90",2025/11/07,Áhorro,abono
TXN000041,USR0023,"23,511.50 MXN",06-Jul-2025,Nómina,credito
TXN000042,USR0022,5772.05,08-Jun-2025,renta_mensual,cargo
TXN000043,USR0014,23056.11,04-Jun-2025,Nómina,credito
TXN000044,USR0020,"3,746.66 MXN",19-Sep-2025,entretenimiento$$,EGRESO
TXN000045,USR0021,,26/04/2025,Áhorro,Abono
TXN000046,USR0028,3670.56,10-Apr-2025,Réntá,DB
TXN000047,USR0029,"6,238.44 MXN",2025/12/23,Réntá,Cargo
TXN000048,USR0015,6421.26,2025/10/14,transporte99,DB
TXN000049,USR0024,"MXN 3,442.59",23-Mar-2025,EDUCACION,debito
TXN000050,USR0025,$3902.55,2025-08-14,educacion$,Cargo
TXN000051,USR0018,"MXN 1,150.07",22/12/2025,RENTA,Cargo
TXN000052,USR0014,"MXN 1,694.33",2026/01/30,Supermercádo!!,EGRESO
TXN000053,USR0001,"MXN 2,423.97",2025/10/03,entretenimiento$$,EGRESO
TXN000054,USR0016,"MXN 3,141.41",06/01/2026,Súpermercado,DB
TXN000055,USR0030,"MXN 18,260.00",11-Mar-2025,NOMINA**,ABONO
TXN000056,USR0011,$6101.78,21-Jan-2026,ENTRETENIMIENTO!!,EGRESO
TXN000057,USR0002,"$1,832.57",2026-01-22,Entreténimiento,CARGO
TXN000058,USR0005,"5,372.20 MXN",08-27-2025,SERVICIOS##,debito
TXN000059,USR0004,7719.53,01-14-2025,Tr@nsporte,CARGO
TXN000060,USR0023,860.12,2025/03/03,Restaurántes,cargo
TXN000061,USR0017,MXN 150.58,24-Feb-2025,ENTRETENIMIENTO!!,EGRESO
TXN000062,USR0014,$5883.67,2025/11/12,Tr@nsporte,DB
TXN000063,USR0011,$6654.31,19/08/2025,Réstaurantes,CARGO
TXN000064,USR0016,$1495.63,05-13-2025,ENTRETENIMIENTO!!,Cargo
TXN000065,USR0001,"7,587.10 MXN",04-Jan-2026,EDUCACION,CARGO
TXN000066,USR0023,"$3,612.99",31/05/2025,SERVICIOS##,CARGO
TXN000067,USR0016,4270.83,06-19-2025,educacion$,EGRESO
TXN000068,USR0024,2558.61,26/01/2026,RESTAURANTES!,DB
TXN000069,USR0025,"4,794.49 MXN",,EDUCACION,CARGO
TXN000070,USR0009,$7795.64,,Súpermercado,debito
TXN000071,USR0016,$2758.61,2025-09-02,Sérvicios,CARGO
TXN000072,USR0002,$1236.12,13/02/2025,Tránsporte,debito
TXN000073,USR0020,"MXN 6,216.76",08-15-2025,Réstaurantes,EGRESO
TXN000074,USR0024,"7,583.34 MXN",2025-05-16,RENTA,Cargo
TXN000075,USR0014,$5530.50,17/01/2025,SERVICIOS##,EGRESO
TXN000076,USR0022,7395.09,05/12/2025,Réstaurantes,DB
TXN000077,USR0009,$617.71,2025/11/01,transporte99,Cargo
TXN000078,USR0013,"MXN 4,028.75",2025/02/11,Sálud,EGRESO
TXN000079,USR0001,1869.95,2025-10-28,renta_mensual,DB
TXN000080,USR0017,7332.78,12-Aug-2025,Sérvicios,Cargo
TXN000081,USR0004,"MXN 2,671.94",28-May-2025,Tránsporte,DB
TXN000082,USR0025,6608.17,25-Aug-2025,Nómina,CARGO
TXN000083,USR0021,$6091.92,09/10/2025,SERVICIOS##,Cargo
TXN000084,USR0021,5692.77,2025/01/08,AHORRO**,cargo
TXN000085,USR0015,"MXN 5,199.29",01-02-2026,renta_mensual,Cargo
TXN000086,USR0015,1199.90,18/09/2025,Educación!!,Cargo
TXN000087,USR0030,$2174.02,01-07-2026,educacion$,CARGO
TXN000088,USR0015,3900.51,2026/01/26,EDUCACION,cargo
TXN000089,USR0023,"MXN 4,595.79",01-23-2025,Réstaurantes,Cargo
TXN000090,USR0022,"3,987.86 MXN",2025/09/15,transporte99,CARGO
TXN000091,USR0017,MXN 172.01,02/12/2025,Sérvicios,Cargo
TXN000092,USR0023,22035.31,07-14-2025,Nóminá,CR
TXN000093,USR0021,"$7,979.54",2025-08-11,Sálud,DB
TXN000094,USR0002,$6379.34,11-Jul-2025,Entreténimiento,cargo
TXN000095,USR0006,"MXN 1,441.80",14/11/2025,Tr@nsporte,debito
TXN000096,USR0009,"MXN 2,079.85",2025/05/28,Sérvicios,CARGO
TXN000097,USR0010,"14,136.72 MXN",16-Jul-2025,Nómina,abono
TXN000098,USR0023,MXN 224.42,2025-05-21,Sálud,DB
TXN000099,USR0029,6217.14,30/06/2025,SALUD**,Cargo
TXN000100,USR0022,"$5,044.57",08-Jun-2025,Tránsporte,DB
TXN000101,USR0010,"5,992.47 MXN",2025/03/09,ENTRETENIMIENTO!!,Cargo
TXN000102,USR0009,$7740.70,28-Feb-2025,Sérvicios,cargo
TXN000103,USR0024,"$6,446.47",2025-07-22,nomina_quincenal,cargo
TXN000104,USR0022,,25/02/2025,Sálud#,DB
TXN000105,USR0030,$6264.34,29-Nov-2025,Áhorro,INGRESO
TXN000106,USR0016,822.68 MXN,18-Jul-2025,renta_mensual,debito
TXN000107,USR0014,"$1,278.46",2025/09/08,AHORRO**,EGRESO
TXN000108,USR0007,$3585.33,02-20-2025,servicios_basicos,Cargo
TXN000109,USR0009,"$7,747.24",06/12/2025,Restaurántes,EGRESO
TXN000110,USR0026,"21,596.36 MXN",28/10/2025,Áhorro,credito
TXN000111,USR0001,"6,874.33 MXN",10-04-2025,SALUD**,Cargo
TXN000112,USR0012,"4,731.38 MXN",2025-05-16,RESTAURANTES!,CARGO
TXN000113,USR0016,6235.24,25-Feb-2025,servicios_basicos,debito
TXN000114,USR0030,"$2,447.96",01-Feb-2025,EDUCACION,DB
TXN000115,USR0015,7199.17,2025-03-17,RENTA,cargo
TXN000116,USR0011,4267.93,06-Nov-2025,Nómina,EGRESO
TXN000117,USR0029,"MXN 5,780.68",20/08/2025,EDUCACION,Cargo
TXN000118,USR0004,$3442.77,11/07/2025,entretenimiento$$,DB
TXN000119,USR0003,19775.92,2025/01/31,nomina_quincenal,Abono
TXN000120,USR0025,5782.43,06-09-2025,Nómina,cargo
TXN000121,USR0008,$2833.41,02-28-2025,RENTA,debito
TXN000122,USR0027,17853.98,12-03-2025,Áhorro,ABONO
TXN000123,USR0011,98.54,03-Dec-2025,Entreténimiento,Cargo
TXN000124,USR0024,"MXN 1,760.31",24/06/2025,EDUCACION,EGRESO
TXN000125,USR0020,"7,072.57 MXN",2026/01/22,Renta$$,Cargo
TXN000126,USR0016,"$10,463.34",26-Jun-2025,Áhorro,credito
TXN000127,USR0022,411.07,2025-01-29,SALUD**,EGRESO
TXN000128,USR0009,"MXN 2,658.57",18-Jan-2026,SALUD**,CARGO
TXN000129,USR0018,$623.00,2025-08-12,ENTRETENIMIENTO!!,DB
TXN000130,USR0019,"MXN 3,370.67",01-11-2025,NOMINA**,CARGO
TXN000131,USR0030,750.63 MXN,2025/08/12,ENTRETENIMIENTO!!,CARGO
TXN000132,USR0011,"$2,697.90",2025-09-19,RESTAURANTES!,Cargo
TXN000133,USR0027,$1928.34,12/04/2025,TRANSPORTE#,Cargo
TXN000134,USR0025,3738.43,2025/08/18,servicios_basicos,debito
TXN000135,USR0021,"MXN 1,250.11",08-15-2025,ENTRETENIMIENTO!!,CARGO
TXN000136,USR0015,$348.98,2025-02-09,servicios_basicos,cargo
TXN000137,USR0026,"3,625.38 MXN",2025/06/14,Súpermercado,debito
TXN000138,USR0026,7859.97,27/11/2025,Entreténimiento,CARGO
TXN000139,USR0017,"MXN 12,457.04",07-29-2025,ahorro_programado,abono
TXN000140,USR0003,MXN 801.32,05-26-2025,entretenimiento$$,DB
TXN000141,USR0005,697.94 MXN,06-29-2025,entretenimiento$$,DB
TXN000142,USR0003,$4493.43,2025/03/07,Sálud,DB
TXN000143,USR0012,$1483.09,28-Jan-2026,SALUD**,Cargo
TXN000144,USR0028,4086.13,01-20-2025,RENTA,debito
TXN000145,USR0023,"$1,366.04",07-30-2025,ahorro_programado,EGRESO
TXN000146,USR0025,$1910.32,29/08/2025,SERVICIOS##,Cargo
TXN000147,USR0025,6236.09,03/08/2025,SALUD**,debito
TXN000148,USR0021,"$6,999.23",2025/12/31,Sérvicios,debito
TXN000149,USR0029,"$1,221.42",24-Apr-2025,EDUCACION,EGRESO
TXN000150,USR0012,$3120.02,2025-04-25,restaurante$,CARGO
TXN000151,USR0026,"MXN 1,143.92",,Tr@nsporte,cargo
TXN000152,USR0009,6687.96,28-Sep-2025,Restaurántes,debito
TXN000153,USR0008,"$17,456.21",2025/09/13,Nómina,ABONO
TXN000154,USR0010,"MXN 12,056.32",2025-04-06,nomina_quincenal,credito
TXN000155,USR0017,$211.66,,EDUCACION,EGRESO
TXN000156,USR0012,"$5,876.88",2026/01/31,restaurante$,DB
TXN000157,USR0021,"MXN 6,651.55",23-Dec-2025,TRANSPORTE#,DB
TXN000158,USR0015,"2,382.87 MXN",01-22-2025,super-mercado,CARGO
TXN000159,USR0009,$6038.66,2025-07-02,super-mercado,Cargo
TXN000160,USR0013,$7162.37,06-Apr-2025,servicios_basicos,EGRESO
TXN000161,USR0026,"MXN 5,830.30",05/11/2025,renta_mensual,CARGO
TXN000162,USR0010,"4,840.84 MXN",20-Dec-2025,SERVICIOS##,EGRESO
TXN000163,USR0020,"$24,600.55",10-Dec-2025,nomina_quincenal,ABONO
TXN000164,USR0001,"MXN 6,796.92",18/01/2025,Tránsporte,DB
TXN000165,USR0019,"MXN 4,860.50",07-09-2025,Súpermercado,DB
TXN000166,USR0013,"$5,214.01",14/01/2025,ENTRETENIMIENTO!!,Cargo
TXN000167,USR0025,5647.10,27-May-2025,SALUD**,Cargo
TXN000168,USR0029,$7978.24,12-08-2025,servicios_basicos,DB
TXN000169,USR0028,"5,708.88 MXN",2025/07/05,TRANSPORTE#,DB
TXN000170,USR0026,258.96,08-Jul-2025,servicios_basicos,debito
TXN000171,USR0013,4229.28,07/02/2025,SERVICIOS##,EGRESO
TXN000172,USR0012,7029.78,04/04/2025,Tr@nsporte,debito
TXN000173,USR0017,$2467.79,30/12/2025,transporte99,Cargo
TXN000174,USR0003,$1610.60,03-06-2025,Sálud,debito
TXN000175,USR0005,5286.93,2025/06/22,Tránsporte,DB
TXN000176,USR0021,"MXN 9,216.17",2025-11-13,AHORRO**,credito
TXN000177,USR0010,"MXN 1,996.78",02-Jun-2025,Sérvicios,DB
TXN000178,USR0015,$2754.53,01-03-2026,restaurante$,Cargo
TXN000179,USR0018,"$2,586.97",17-May-2025,RENTA,EGRESO
TXN000180,USR0028,$24253.72,10-23-2025,Áhorro,Abono
TXN000181,USR0016,"MXN 4,004.09",16-Sep-2025,SALUD**,CARGO
TXN000182,USR0016,$5251.37,2025-10-02,Áhorro,EGRESO
TXN000183,USR0025,13011.63,04-10-2025,nomina_quincenal,credito
TXN000184,USR0009,"MXN 7,376.22",07-11-2025,ahorro_programado,ABONO
TXN000185,USR0017,$5906.07,2025/08/31,Nóminá,Abono
TXN000186,USR0030,$12859.09,10-31-2025,ahorro_programado,credito
TXN000187,USR0010,$6535.20,2025-12-11,SERVICIOS##,cargo
TXN000188,USR0023,4795.43,23/10/2025,Supermercádo!!,cargo
TXN000189,USR0020,,2025-12-25,NOMINA**,ABONO
TXN000190,USR0023,"MXN 3,312.50",2026-01-12,RESTAURANTES!,debito
TXN000191,USR0016,"MXN 3,045.76",09-30-2025,educacion$,Cargo
TXN000192,USR0021,"4,900.11 MXN",2025/05/23,salud_medica,Cargo
TXN000193,USR0010,$5537.41,09-03-2025,restaurante$,EGRESO
TXN000194,USR0029,$7639.14,01-22-2025,Nómina,Cargo
TXN000195,USR0016,$1656.44,10-15-2025,RESTAURANTES!,debito
TXN000196,USR0002,"$1,844.09",21-Feb-2025,EDUCACION,Cargo
TXN000197,USR0001,"MXN 7,824.39",01-Dec-2025,EDUCACION,Cargo
TXN000198,USR0010,7268.10,2025/04/29,Supermercádo!!,CARGO
TXN000199,USR0006,,04-06-2025,Supermercádo!!,EGRESO
TXN000200,USR0011,3662.08,26-Sep-2025,SALUD**,DB
TXN000201,USR0004,$1341.83,03/01/2026,Entreténimiento,EGRESO
TXN000202,USR0025,"MXN 1,445.18",2025/08/07,restaurante$,DB
TXN000203,USR0005,"$2,622.63",14-May-2025,Sérvicios,Cargo
TXN000204,USR0019,"18,073.67 MXN",2025-02-01,AHORRO**,CR
TXN000205,USR0029,$5537.81,2025/07/08,SALUD**,DB
TXN000206,USR0024,19038.81,07/12/2025,Áhorro,INGRESO
TXN000207,USR0017,"$4,248.98",2025-10-16,Sérvicios,cargo
TXN000208,USR0018,"MXN 1,358.07",01/03/2025,Tr@nsporte,debito
TXN000209,USR0015,4130.32,2025/01/30,Tr@nsporte,EGRESO
TXN000210,USR0009,"$5,979.15",24-Jan-2025,super-mercado,debito
TXN000211,USR0029,"$7,889.79",27-May-2025,RENTA,EGRESO
TXN000212,USR0021,"MXN 22,826.67",2025-07-12,NOMINA**,INGRESO
TXN000213,USR0018,"$19,557.16",2026-01-23,nomina_quincenal,Abono
TXN000214,USR0013,"2,017.72 MXN",22/05/2025,Restaurántes,cargo
TXN000215,USR0030,"$1,963.30",2025-11-01,Súpermercado,CARGO
TXN000216,USR0024,3248.01,2025-04-22,SUPERMERCADO,Cargo
TXN000217,USR0024,$16958.35,05-02-2025,Áhorro,CR
TXN000218,USR0009,"4,475.91 MXN",17-Nov-2025,Súpermercado,debito
TXN000219,USR0013,"MXN 2,583.94",03-18-2025,EDUCACION,EGRESO
TXN000220,USR0008,"MXN 6,867.45",2025/01/30,Sálud#,Cargo
TXN000221,USR0008,"$1,666.53",08-19-2025,Sálud,DB
TXN000222,USR0013,22472.41,2026/01/06,Áhorro,Abono
TXN000223,USR0030,"$1,733.87",18-Jan-2026,SUPERMERCADO,Cargo
TXN000224,USR0008,"MXN 2,606.84",2025/08/27,educacion$,cargo
TXN000225,USR0016,MXN 833.94,01-25-2026,Sérvicios,DB
TXN000226,USR0008,178.95,24-Oct-2025,transporte99,debito
TXN000227,USR0027,$4019.45,12-May-2025,Réstaurantes,DB
TXN000228,USR0005,"$3,932.11",2025-09-26,Educación!!,debito
TXN000229,USR0014,"$6,748.23",29/12/2025,Tránsporte,Cargo
TXN000230,USR0021,,2025/09/30,AHORRO**,CARGO
TXN000231,USR0010,"MXN 4,042.62",2025-04-02,Supermercádo!!,DB
TXN000232,USR0009,"$2,175.23",11-Jul-2025,ENTRETENIMIENTO!!,EGRESO
TXN000233,USR0022,"$5,247.20",17-Feb-2025,Réntá,DB
TXN000234,USR0023,$707.35,2025-10-17,Tránsporte,EGRESO
TXN000235,USR0019,$2205.21,2025/10/06,servicios_basicos,CARGO
TXN000236,USR0007,"$21,413.81",03/06/2025,ahorro_programado,INGRESO
TXN000237,USR0029,"2,687.25 MXN",2025-12-19,educacion$,DB
TXN000238,USR0008,2757.71,07-23-2025,Renta$$,debito
TXN000239,USR0008,"MXN 4,446.65",2025/04/06,entretenimiento$$,EGRESO
TXN000240,USR0008,MXN 702.20,31/12/2025,,Cargo
TXN000241,USR0010,"$2,911.34",2025-03-09,Sérvicios,cargo
TXN000242,USR0004,$762.47,,super-mercado,debito
TXN000243,USR0025,"5,812.51 MXN",2025/10/20,RENTA,debito
TXN000244,USR0009,"MXN 1,210.18",22-May-2025,SERVICIOS##,Cargo
TXN000245,USR0008,,24/02/2025,SERVICIOS##,Cargo
TXN000246,USR0013,3549.77,03-11-2025,ENTRETENIMIENTO!!,EGRESO
TXN000247,USR0006,"MXN 2,367.01",22/10/2025,nomina_quincenal,DB
TXN000248,USR0004,24945.30,14-Jan-2025,ahorro_programado,Abono
TXN000249,USR0003,"7,783.58 MXN",10/05/2025,Nóminá,abono
TXN000250,USR0016,"MXN 15,132.25",2025-10-06,AHORRO**,CR
TXN000251,USR0030,$919.49,2025/03/27,Renta$$,Cargo
TXN000252,USR0025,"$7,727.45",2025-01-06,ENTRETENIMIENTO!!,EGRESO
TXN000253,USR0023,12482.39,2025/12/20,Áhorro,INGRESO
TXN000254,USR0014,972.75 MXN,06-28-2025,renta_mensual,DB
TXN000255,USR0016,"MXN 3,533.42",2025-06-13,renta_mensual,DB
TXN000256,USR0011,"5,433.26 MXN",22/09/2025,RENTA,Cargo
TXN000257,USR0026,"MXN 8,727.74",2025-07-22,,CR
TXN000258,USR0007,"$2,262.84",2025-10-23,RESTAURANTES!,DB
TXN000259,USR0022,$4245.33,02-Nov-2025,servicios_basicos,DB
TXN000260,USR0015,18471.78,2025-10-30,ahorro_programado,abono
TXN000261,USR0006,"MXN 5,562.82",2025/08/03,Entreténimiento,debito
TXN000262,USR0018,$4461.55,13/03/2025,transporte99,EGRESO
TXN000263,USR0001,1135.45,16-Sep-2025,SERVICIOS##,EGRESO
TXN000264,USR0016,707.23 MXN,2025-05-30,transporte99,CARGO
TXN000265,USR0019,4420.32,02-28-2025,servicios_basicos,CARGO
TXN000266,USR0002,"$4,393.51",12/01/2026,SERVICIOS##,EGRESO
TXN000267,USR0028,"3,540.61 MXN",2025/04/18,renta_mensual,CARGO
TXN000268,USR0020,"$6,289.55",10-19-2025,transporte99,Cargo
TXN000269,USR0010,"$4,603.25",11-Mar-2025,Sálud,debito
TXN000270,USR0028,$2034.93,07-May-2025,Tr@nsporte,DB
TXN000271,USR0013,MXN 650.35,09-21-2025,servicios_basicos,CARGO
TXN000272,USR0011,"$20,482.71",10-Jan-2026,ahorro_programado,CR
TXN000273,USR0018,"MXN 13,592.86",05-18-2025,nomina_quincenal,Abono
TXN000274,USR0016,"$7,158.53",20-Feb-2025,Entreténimiento,CARGO
TXN000275,USR0001,$18771.84,03-23-2025,Nómina,Abono
TXN000276,USR0029,$461.71,07/01/2026,,DB
TXN000277,USR0016,,15-Dec-2025,Renta$$,Cargo
TXN000278,USR0028,"MXN 14,554.00",2025-02-15,Nómina,Abono
TXN000279,USR0025,"5,150.53 MXN",2025/02/05,Tránsporte,DB
TXN000280,USR0007,"MXN 7,363.16",2025-04-22,Tránsporte,debito
TXN000281,USR0012,"$7,796.60",2025/05/08,nomina_quincenal,abono
TXN000282,USR0022,1683.29,07-Apr-2025,salud_medica,debito
TXN000283,USR0008,"MXN 3,117.79",2025/11/23,Sérvicios,Cargo
TXN000284,USR0030,"MXN 1,099.26",2025/07/07,entretenimiento$$,debito
TXN000285,USR0003,$4719.54,2025-04-21,Supermercádo!!,CARGO
TXN000286,USR0023,"MXN 6,148.52",2025/02/12,educacion$,EGRESO
TXN000287,USR0017,7795.79,17-Jun-2025,Restaurántes,Cargo
TXN000288,USR0008,"$1,993.61",2025/08/21,Supermercádo!!,EGRESO
TXN000289,USR0004,"$5,677.81",25-Mar-2025,super-mercado,DB
TXN000290,USR0006,"$1,059.10",2026-01-30,ENTRETENIMIENTO!!,cargo
TXN000291,USR0023,$14922.95,29-Jan-2025,ahorro_programado,credito
TXN000292,USR0029,7306.67,2025-01-02,Áhorro,CR
TXN000293,USR0005,7452.72,01-Jan-2026,TRANSPORTE#,CARGO
TXN000294,USR0009,4593.71,2025-12-11,RENTA,CARGO
TXN000295,USR0013,,2025-06-17,Réntá,cargo
TXN000296,USR0010,"12,365.47 MXN",2026/01/11,Áhorro,INGRESO
TXN000297,USR0018,"$5,105.74",2025-06-21,entretenimiento$$,DB
TXN000298,USR0007,"MXN 7,865.77",31/01/2025,educacion$,EGRESO
TXN000299,USR0028,"MXN 3,333.80",2026-01-18,educacion$,cargo
TXN000300,USR0003,"13,699.66 MXN",05-30-2025,AHORRO**,Abono
TXN000301,USR0011,"$3,649.42",14/04/2025,entretenimiento$$,Cargo
TXN000302,USR0011,"MXN 12,165.75",07-Jun-2025,nomina_quincenal,Abono
TXN000303,USR0010,"21,718.50 MXN",16/02/2025,AHORRO**,abono
TXN000304,USR0027,MXN 297.10,2025/10/12,TRANSPORTE#,EGRESO
TXN000305,USR0004,540.27 MXN,12-Apr-2025,super-mercado,Cargo
TXN000306,USR0019,"$7,343.56",03/02/2025,Sálud#,CARGO
TXN000307,USR0026,"$1,024.09",2025/03/28,ENTRETENIMIENTO!!,EGRESO
TXN000308,USR0022,$9294.32,24-May-2025,NOMINA**,Abono
TXN000309,USR0010,"MXN 3,325.34",2025-02-01,SERVICIOS##,debito
TXN000310,USR0026,"$2,030.72",07-15-2025,EDUCACION,debito
TXN000311,USR0017,,2025/06/13,Entreténimiento,Cargo
TXN000312,USR0026,"4,258.99 MXN",2025-03-23,Sérvicios,debito
TXN000313,USR0030,6124.20,07-18-2025,SUPERMERCADO,Cargo
TXN000314,USR0023,$7316.14,2025/10/18,Entreténimiento,CARGO
TXN000315,USR0029,"MXN 4,359.89",2025-01-20,Sérvicios,Cargo
TXN000316,USR0001,"7,347.27 MXN",24/06/2025,ENTRETENIMIENTO!!,Cargo
TXN000317,USR0005,"$6,779.52",11-Jul-2025,Renta$$,cargo
TXN000318,USR0024,$7687.26,2025/03/31,nomina_quincenal,DB
TXN000319,USR0010,"$1,062.42",2025/12/26,Sálud#,DB
TXN000320,USR0006,"21,176.14 MXN",2025/11/24,Áhorro,credito
TXN000321,USR0008,,12-29-2025,ENTRETENIMIENTO!!,Cargo
TXN000322,USR0012,"$6,306.81",25-Jan-2025,Sálud#,DB
TXN000323,USR0016,12506.95,30/11/2025,NOMINA**,INGRESO
TXN000324,USR0001,"$2,125.97",25/06/2025,ENTRETENIMIENTO!!,CARGO
TXN000325,USR0003,"MXN 4,772.54",2025-12-27,ENTRETENIMIENTO!!,debito
TXN000326,USR0006,855.00 MXN,2025/07/29,super-mercado,Cargo
TXN000327,USR0013,$14818.97,02-Jan-2025,Áhorro,ABONO
TXN000328,USR0007,$254.60,11-Feb-2025,Renta$$,Cargo
TXN000329,USR0022,MXN 774.54,04-05-2025,Sálud#,debito
TXN000330,USR0015,1848.63,01/02/2025,Sálud,cargo
TXN000331,USR0025,6219.67,2025/08/03,ahorro_programado,INGRESO
TXN000332,USR0016,$677.69,2025/09/15,SALUD**,DB
TXN000333,USR0006,"$6,477.26",2025-08-05,Réstaurantes,Cargo
TXN000334,USR0020,"$2,592.01",14-Feb-2025,Sálud#,DB
TXN000335,USR0030,6303.08,25-Sep-2025,Supermercádo!!,debito
TXN000336,USR0025,"$7,403.18",2025/05/27,renta_mensual,debito
TXN000337,USR0019,"8,443.99 MXN",2025/11/13,ahorro_programado,INGRESO
TXN000338,USR0011,$441.86,2025-07-10,restaurante$,EGRESO
TXN000339,USR0016,"7,781.35 MXN",03-Jun-2025,renta_mensual,Cargo
TXN000340,USR0007,"MXN 1,730.55",2026/01/24,SERVICIOS##,EGRESO
TXN000341,USR0010,3256.91,15/01/2025,Educación!!,debito
TXN000342,USR0002,451.95 MXN,05-21-2025,SERVICIOS##,cargo
TXN000343,USR0001,"MXN 3,011.11",01-Apr-2025,restaurante$,debito
TXN000344,USR0027,"$2,316.30",2025/03/25,RENTA,EGRESO
TXN000345,USR0009,"$22,292.60",,NOMINA**,CR
TXN000346,USR0026,$5716.29,05-Aug-2025,salud_medica,DB
TXN000347,USR0017,$7046.24,2025/10/15,ahorro_programado,credito
TXN000348,USR0011,$5142.73,12-02-2025,SALUD**,cargo
TXN000349,USR0026,"$11,391.71",02-Dec-2025,AHORRO**,Abono
TXN000350,USR0002,$4597.74,07/01/2026,ahorro_programado,Cargo
TXN000351,USR0022,4083.15,04-03-2025,Entreténimiento,Cargo
TXN000352,USR0018,"$7,578.04",04-24-2025,TRANSPORTE#,cargo
TXN000353,USR0011,"MXN 2,121.45",02-Mar-2025,Entreténimiento,cargo
TXN000354,USR0003,"$7,120.94",15-Dec-2025,servicios_basicos,debito
TXN000355,USR0005,"MXN 2,774.23",03-15-2025,RESTAURANTES!,debito
TXN000356,USR0006,"MXN 5,094.27",21/05/2025,Entreténimiento,CARGO
TXN000357,USR0025,"MXN 1,078.78",26-Jul-2025,Réntá,EGRESO
TXN000358,USR0012,"7,141.45 MXN",2025-01-10,SUPERMERCADO,debito
TXN000359,USR0004,"$11,122.30",06-02-2025,Nóminá,ABONO
TXN000360,USR0029,$2774.73,20/01/2026,TRANSPORTE#,EGRESO
TXN000361,USR0008,"5,830.99 MXN",2026-01-11,RESTAURANTES!,Cargo
TXN000362,USR0013,"$6,181.43",,Sálud,debito
TXN000363,USR0014,$3073.02,31/08/2025,Sérvicios,debito
TXN000364,USR0022,5316.74,07/11/2025,Réntá,cargo
TXN000365,USR0004,MXN 956.40,2025/04/12,SALUD**,CARGO
TXN000366,USR0012,"5,788.11 MXN",,nomina_quincenal,INGRESO
TXN000367,USR0004,7982.89,2025-02-08,AHORRO**,ABONO
TXN000368,USR0009,$448.14,05-29-2025,servicios_basicos,Cargo
TXN000369,USR0025,126.90 MXN,06-18-2025,Súpermercado,Cargo
TXN000370,USR0012,"MXN 1,503.81",08-22-2025,ENTRETENIMIENTO!!,EGRESO
TXN000371,USR0029,$948.80,2025-03-23,Tr@nsporte,DB
TXN000372,USR0015,4910.02,15/01/2025,Tr@nsporte,cargo
TXN000373,USR0002,"$2,129.82",2025/12/27,RENTA,cargo
TXN000374,USR0017,"MXN 18,234.27",27-Jun-2025,Áhorro,Abono
TXN000375,USR0002,5165.02,29-Aug-2025,SUPERMERCADO,Cargo
TXN000376,USR0009,"MXN 4,080.09",26/07/2025,Supermercádo!!,debito
TXN000377,USR0028,"MXN 3,604.19",2026-01-17,Sérvicios,CARGO
TXN000378,USR0027,$6344.68,2025/09/18,RENTA,debito
TXN000379,USR0027,$6541.88,2025/10/14,Súpermercado,EGRESO
TXN000380,USR0004,$67.47,2025/10/08,restaurante$,cargo
TXN000381,USR0005,"$17,217.04",21/07/2025,Nóminá,Abono
TXN000382,USR0025,17664.81,05-Mar-2025,Nóminá,CR
TXN000383,USR0016,4266.40,2025/08/10,Súpermercado,CARGO
TXN000384,USR0023,"MXN 21,304.88",2025/12/03,ahorro_programado,ABONO
TXN000385,USR0020,$2225.09,20/08/2025,RESTAURANTES!,cargo
TXN000386,USR0010,6892.62,20/11/2025,Educación!!,DB
TXN000387,USR0030,"7,851.62 MXN",2025/09/15,transporte99,DB
TXN000388,USR0019,5695.48,27-May-2025,Áhorro,DB
TXN000389,USR0022,$1639.22,12-16-2025,SUPERMERCADO,Cargo
TXN000390,USR0025,$306.84,2025/11/12,Educación!!,EGRESO
TXN000391,USR0026,"MXN 5,558.84",18-Jul-2025,salud_medica,CARGO
TXN000392,USR0007,"6,890.54 MXN",11-21-2025,ahorro_programado,EGRESO
TXN000393,USR0007,"$3,618.08",06/04/2025,Sálud,DB
TXN000394,USR0005,"$4,692.69",19-Jun-2025,TRANSPORTE#,cargo
TXN000395,USR0025,2444.18,2025-07-03,ahorro_programado,debito
TXN000396,USR0003,1317.00,2025-07-26,EDUCACION,debito
TXN000397,USR0012,1786.64,2025/09/01,Sálud,debito
TXN000398,USR0021,$1988.43,2025-07-15,AHORRO**,CARGO
TXN000399,USR0017,"MXN 4,138.76",2025-09-07,ENTRETENIMIENTO!!,debito
TXN000400,USR0004,7774.45,2025-01-04,TRANSPORTE#,debito
TXN000401,USR0014,,2025-11-28,RENTA,DB
TXN000402,USR0003,1465.04,2025/02/06,SUPERMERCADO,cargo
TXN000403,USR0013,12790.04,2025/01/04,Nómina,ABONO
TXN000404,USR0003,$7427.98,12-18-2025,entretenimiento$$,CARGO
TXN000405,USR0013,"3,818.20 MXN",11-Mar-2025,super-mercado,debito
TXN000406,USR0030,7661.26,12/10/2025,Entreténimiento,CARGO
TXN000407,USR0018,$2472.29,19-Apr-2025,RENTA,DB
TXN000408,USR0007,"$1,491.80",2026/01/20,Réntá,debito
TXN000409,USR0009,"MXN 1,619.47",06-19-2025,RENTA,debito
TXN000410,USR0003,$2576.40,11-12-2025,RESTAURANTES!,EGRESO
TXN000411,USR0014,88.41 MXN,31-Dec-2025,transporte99,Cargo
TXN000412,USR0029,$3729.64,2025/09/07,Sérvicios,cargo
TXN000413,USR0028,$7135.81,2026-01-11,Tránsporte,Cargo
TXN000414,USR0027,"$20,384.01",10-10-2025,ahorro_programado,Abono
TXN000415,USR0005,$3170.36,10-Mar-2025,entretenimiento$$,debito
TXN000416,USR0022,"6,791.46 MXN",2026/01/23,RESTAURANTES!,debito
TXN000417,USR0022,$5900.56,21/01/2025,Tr@nsporte,EGRESO
TXN000418,USR0022,"MXN 4,167.19",29-Aug-2025,Restaurántes,cargo
TXN000419,USR0017,6687.23,2025/10/06,SALUD**,cargo
TXN000420,USR0029,"4,157.47 MXN",22-Sep-2025,renta_mensual,EGRESO
TXN000421,USR0029,"22,640.68 MXN",2025-04-28,ahorro_programado,INGRESO
TXN000422,USR0012,MXN 990.73,2025-06-19,AHORRO**,Cargo
TXN000423,USR0021,5862.89,24/03/2025,Nómina,credito
TXN000424,USR0030,4157.29,2025-10-16,transporte99,EGRESO
TXN000425,USR0016,1406.01,2025/03/15,Sérvicios,EGRESO
TXN000426,USR0022,7382.70,05/02/2025,ENTRETENIMIENTO!!,debito
TXN000427,USR0028,5490.72,19/02/2025,EDUCACION,Cargo
TXN000428,USR0018,"MXN 6,031.45",,educacion$,CARGO
TXN000429,USR0022,12407.55,08/08/2025,Nóminá,ABONO
TXN000430,USR0024,"7,677.66 MXN",02-12-2025,ahorro_programado,INGRESO
TXN000431,USR0023,4645.00,04-Jan-2025,SUPERMERCADO,CARGO
TXN000432,USR0005,"MXN 10,072.65",10-17-2025,nomina_quincenal,credito
TXN000433,USR0018,3885.62,12-Oct-2025,EDUCACION,cargo
TXN000434,USR0013,"$6,847.24",18/01/2026,Tr@nsporte,DB
TXN000435,USR0017,"$6,416.79",24-Mar-2025,Nómina,debito
TXN000436,USR0020,"$10,261.84",2025-11-08,Nóminá,abono
TXN000437,USR0010,"MXN 20,472.17",2025-08-13,Áhorro,Abono
TXN000438,USR0007,6282.48,24/12/2025,SUPERMERCADO,debito
TXN000439,USR0006,$7974.70,09-Dec-2025,Réntá,EGRESO
TXN000440,USR0003,4419.26,10-26-2025,renta_mensual,DB
TXN000441,USR0007,"$7,441.23",14/05/2025,SERVICIOS##,debito
TXN000442,USR0011,6433.39,10-22-2025,Réntá,cargo
TXN000443,USR0025,"MXN 7,691.85",2025-10-28,ENTRETENIMIENTO!!,EGRESO
TXN000444,USR0008,$6411.28,2025/09/22,Restaurántes,EGRESO
TXN000445,USR0013,MXN 654.43,06-10-2025,Entreténimiento,Cargo
TXN000446,USR0022,"4,017.04 MXN",12/01/2026,restaurante$,Cargo
TXN000447,USR0020,,10-Feb-2025,entretenimiento$$,CARGO
TXN000448,USR0028,"MXN 3,001.01",10-22-2025,SERVICIOS##,cargo
TXN000449,USR0013,"$6,013.85",27-Sep-2025,Réstaurantes,Cargo
TXN000450,USR0028,,08-24-2025,Tránsporte,CARGO
TXN000451,USR0011,"4,921.59 MXN",10-08-2025,Entreténimiento,cargo
TXN000452,USR0006,$3420.35,06-Jul-2025,SERVICIOS##,EGRESO
TXN000453,USR0022,$6522.82,2025/05/01,Réstaurantes,DB
TXN000454,USR0024,"3,810.25 MXN",04-Aug-2025,TRANSPORTE#,CARGO
TXN000455,USR0024,$6293.40,2025/10/15,Entreténimiento,cargo
TXN000456,USR0027,"$3,838.49",08-19-2025,salud_medica,DB
TXN000457,USR0009,$207.69,2025/12/14,Entreténimiento,CARGO
TXN000458,USR0025,2873.12,07-Sep-2025,Sálud,DB
TXN000459,USR0005,"MXN 5,142.62",2025/11/20,Tr@nsporte,cargo
TXN000460,USR0008,$2569.18,06-Nov-2025,ENTRETENIMIENTO!!,cargo
TXN000461,USR0024,"14,005.77 MXN",12/01/2025,ahorro_programado,Abono
TXN000462,USR0024,"$1,724.04",2025-02-18,Réntá,EGRESO
TXN000463,USR0025,876.23 MXN,13-Feb-2025,renta_mensual,debito
TXN000464,USR0005,"$4,237.60",01-18-2025,transporte99,Cargo
TXN000465,USR0030,4410.93,2025/04/01,Sálud#,Cargo
TXN000466,USR0017,"MXN 2,511.81",04/10/2025,Educación!!,cargo
TXN000467,USR0010,$50.73,27-May-2025,Supermercádo!!,Cargo
TXN000468,USR0010,6138.66,2025-04-29,super-mercado,cargo
TXN000469,USR0008,"MXN 5,733.76",13/07/2025,transporte99,DB
TXN000470,USR0026,5492.89,18-May-2025,Áhorro,cargo
TXN000471,USR0021,,09/09/2025,SERVICIOS##,cargo
TXN000472,USR0006,"MXN 2,292.81",,RENTA,Cargo
TXN000473,USR0014,$6296.52,2025-08-26,salud_medica,EGRESO
TXN000474,USR0009,$14402.94,2025-07-15,Nómina,Abono
TXN000475,USR0015,"5,914.07 MXN",2025-08-24,RESTAURANTES!,CARGO
TXN000476,USR0011,5051.86,2025-09-24,transporte99,CARGO
TXN000477,USR0002,"MXN 7,787.53",2025-06-16,RESTAURANTES!,Cargo
TXN000478,USR0008,"MXN 7,752.24",2025/12/19,SUPERMERCADO,debito
TXN000479,USR0003,"$24,393.03",01-31-2025,ahorro_programado,CR
TXN000480,USR0016,$2568.08,13/08/2025,Restaurántes,debito
TXN000481,USR0029,3908.15,2025/05/31,Súpermercado,EGRESO
TXN000482,USR0024,2238.83,2025-03-24,servicios_basicos,debito
TXN000483,USR0012,55.72,14/07/2025,Sérvicios,DB
TXN000484,USR0011,"MXN 5,283.40",2025/04/08,Réntá,debito
TXN000485,USR0014,$928.19,23/01/2025,Entreténimiento,debito
TXN000486,USR0004,"MXN 4,589.55",2025/09/27,super-mercado,EGRESO
TXN000487,USR0001,"MXN 5,263.21",2025-11-24,restaurante$,CARGO
TXN000488,USR0012,6597.96,2025-01-21,super-mercado,cargo
TXN000489,USR0004,"4,276.71 MXN",27/09/2025,RESTAURANTES!,Cargo
TXN000490,USR0025,"MXN 14,174.41",23/02/2025,Áhorro,CR
TXN000491,USR0018,12046.48,06-16-2025,AHORRO**,abono
TXN000492,USR0020,"MXN 4,527.00",2026/01/28,restaurante$,Cargo
TXN000493,USR0001,,23/09/2025,super-mercado,debito
TXN000494,USR0011,$6183.61,2025/10/11,SUPERMERCADO,DB
TXN000495,USR0009,"7,122.52 MXN",05-12-2025,Entreténimiento,Cargo
TXN000496,USR0003,"MXN 6,353.59",2025/12/20,Entreténimiento,Cargo
TXN000497,USR0019,$6118.45,11-Aug-2025,Nómina,abono
TXN000498,USR0020,"MXN 5,089.40",01-28-2025,Supermercádo!!,DB
TXN000499,USR0023,"MXN 1,267.92",2025/08/17,Restaurántes,DB
TXN000500,USR0005,$706.23,08-Oct-2025,ENTRETENIMIENTO!!,debito
TXN000501,USR0005,"MXN 3,873.33",2025/07/22,TRANSPORTE#,Cargo
TXN000502,USR0008,$2166.74,2025/12/17,Renta$$,EGRESO
TXN000503,USR0007,"$2,788.97",01-30-2026,Entreténimiento,DB
TXN000504,USR0015,"5,897.55 MXN",12-17-2025,Áhorro,Abono
TXN000505,USR0002,$7594.08,01-08-2025,Restaurántes,Cargo
TXN000506,USR0024,1734.41,01-20-2026,educacion$,debito
TXN000507,USR0023,3044.02,01-23-2025,SUPERMERCADO,DB
TXN000508,USR0009,"$3,746.44",,super-mercado,CARGO
TXN000509,USR0021,"$12,614.02",11-Jun-2025,Nómina,CR
TXN000510,USR0030,$366.03,,Súpermercado,debito
TXN000511,USR0012,$1927.83,02-01-2025,Sálud#,debito
TXN000512,USR0018,"MXN 1,843.38",03/12/2025,Sálud,cargo
TXN000513,USR0028,"3,367.80 MXN",08-07-2025,restaurante$,debito
TXN000514,USR0019,"5,488.19 MXN",2025/06/08,Educación!!,Cargo
TXN000515,USR0021,2574.09,2026-01-04,Áhorro,debito
TXN000516,USR0025,"MXN 7,047.05",05-Jun-2025,entretenimiento$$,EGRESO
TXN000517,USR0009,"6,243.91 MXN",2025-04-05,transporte99,CARGO
TXN000518,USR0008,"MXN 2,906.13",2025/03/10,Súpermercado,DB
TXN000519,USR0016,"1,143.23 MXN",17-Jan-2025,Sérvicios,Cargo
TXN000520,USR0022,"6,074.32 MXN",2025/08/13,Réstaurantes,CARGO
TXN000521,USR0014,$4883.04,2025/07/21,Nómina,EGRESO
TXN000522,USR0002,"$4,173.69",13-Oct-2025,Restaurántes,EGRESO
TXN000523,USR0025,$3717.71,2025-11-10,SALUD**,EGRESO
TXN000524,USR0017,1479.18,11-Mar-2025,Réntá,debito
TXN000525,USR0029,$7066.26,15/06/2025,Restaurántes,CARGO
TXN000526,USR0003,5672.87,10/11/2025,EDUCACION,DB
TXN000527,USR0011,"6,908.25 MXN",2025-04-02,AHORRO**,Cargo
TXN000528,USR0010,,2025/01/02,transporte99,Cargo
TXN000529,USR0026,"4,883.47 MXN",2025/04/22,Súpermercado,EGRESO
TXN000530,USR0001,7063.23,2025/11/18,RESTAURANTES!,cargo
TXN000531,USR0002,6837.94,11-05-2025,transporte99,DB
TXN000532,USR0006,5393.12,2025/10/21,TRANSPORTE#,debito
TXN000533,USR0002,$6159.67,2025-07-14,Réntá,cargo
TXN000534,USR0004,2667.21,18/04/2025,Sálud,EGRESO
TXN000535,USR0003,$5806.39,2025/08/07,SERVICIOS##,debito
TXN000536,USR0030,4933.61,09-Jan-2026,Tr@nsporte,EGRESO
TXN000537,USR0010,MXN 62.57,2025-11-17,RESTAURANTES!,CARGO
TXN000538,USR0011,"4,505.30 MXN",06/01/2025,entretenimiento$$,DB
TXN000539,USR0017,"$2,625.19",12-18-2025,EDUCACION,CARGO
TXN000540,USR0027,"MXN 1,592.42",2025-08-31,TRANSPORTE#,cargo
TXN000541,USR0018,"$3,726.64",09-24-2025,entretenimiento$$,EGRESO
TXN000542,USR0007,"$20,990.71",03-18-2025,Áhorro,abono
TXN000543,USR0006,$8747.58,12-28-2025,ahorro_programado,ABONO
TXN000544,USR0008,"3,642.66 MXN",09-26-2025,Entreténimiento,cargo
TXN000545,USR0030,"MXN 3,578.00",14/09/2025,RENTA,CARGO
TXN000546,USR0010,1189.20,13/12/2025,Entreténimiento,CARGO
TXN000547,USR0017,82.67,02-14-2025,Réntá,CARGO
TXN000548,USR0024,228.72 MXN,14/06/2025,SALUD**,cargo
TXN000549,USR0022,$2217.60,2025-02-28,Renta$$,Cargo
TXN000550,USR0005,"$4,613.96",2025/06/09,salud_medica,Cargo
TXN000551,USR0029,$892.12,07-Aug-2025,SUPERMERCADO,CARGO
TXN000552,USR0023,$4949.71,2025/04/12,Sérvicios,cargo
TXN000553,USR0005,"MXN 6,512.17",19-Feb-2025,renta_mensual,DB
TXN000554,USR0008,$1192.59,06-Jul-2025,RESTAURANTES!,debito
TXN000555,USR0029,"$3,653.60",2025-09-01,ENTRETENIMIENTO!!,CARGO
TXN000556,USR0012,"$15,158.99",2025/06/16,ahorro_programado,INGRESO
TXN000557,USR0019,"MXN 9,873.82",2025-07-16,nomina_quincenal,Abono
TXN000558,USR0014,"4,378.99 MXN",2025-12-06,ahorro_programado,Cargo
TXN000559,USR0019,"16,101.75 MXN",07-Jun-2025,Áhorro,INGRESO
TXN000560,USR0027,"$17,899.78",22/04/2025,Nómina,ABONO
TXN000561,USR0010,$13943.20,2025/06/03,nomina_quincenal,Abono
TXN000562,USR0030,"$7,922.80",2025/11/10,ENTRETENIMIENTO!!,debito
TXN000563,USR0029,7744.80,2025-07-03,EDUCACION,CARGO
TXN000564,USR0013,"MXN 5,708.60",2025/08/11,Entreténimiento,EGRESO
TXN000565,USR0013,,10/12/2025,Entreténimiento,Cargo
TXN000566,USR0029,"$5,280.52",12-Mar-2025,SERVICIOS##,Cargo
TXN000567,USR0020,3662.44,19-Aug-2025,,EGRESO
TXN000568,USR0016,"MXN 5,711.43",2025/10/07,restaurante$,cargo
TXN000569,USR0012,"$4,663.14",2025/03/14,renta_mensual,DB
TXN000570,USR0003,"$3,805.99",2025/12/17,restaurante$,DB
TXN000571,USR0001,3659.58,01-11-2026,SERVICIOS##,EGRESO
TXN000572,USR0006,$5575.66,2026/01/08,super-mercado,debito
TXN000573,USR0002,"$6,480.72",27-May-2025,Sálud,debito
TXN000574,USR0009,$4945.59,2025-01-08,TRANSPORTE#,cargo
TXN000575,USR0012,"2,126.96 MXN",06/09/2025,Tránsporte,DB
TXN000576,USR0030,"MXN 6,709.03",02-May-2025,TRANSPORTE#,EGRESO
TXN000577,USR0021,"$6,056.10",27-Mar-2025,Sálud#,CARGO
TXN000578,USR0030,"MXN 1,907.61",08-31-2025,Educación!!,DB
TXN000579,USR0026,3086.93,2025-12-16,Sérvicios,cargo
TXN000580,USR0014,$6873.93,2025-05-17,AHORRO**,cargo
TXN000581,USR0024,"5,887.79 MXN",,,debito
TXN000582,USR0003,"$3,319.43",17-Dec-2025,super-mercado,debito
TXN000583,USR0001,"23,770.11 MXN",2025-11-03,ahorro_programado,CR
TXN000584,USR0013,"1,518.91 MXN",05-10-2025,AHORRO**,CARGO
TXN000585,USR0009,$18351.58,2025-03-24,nomina_quincenal,abono
TXN000586,USR0002,"7,647.07 MXN",2025-08-14,Sálud#,cargo
TXN000587,USR0021,MXN 912.02,2025/04/22,servicios_basicos,debito
TXN000588,USR0002,$609.78,02-Feb-2026,Renta$$,DB
TXN000589,USR0030,"5,333.62 MXN",12-25-2025,Súpermercado,cargo
TXN000590,USR0016,"$3,516.66",04/10/2025,Sérvicios,DB
TXN000591,USR0004,$24832.03,2025-07-25,ahorro_programado,abono
TXN000592,USR0028,$689.63,28/11/2025,Entreténimiento,EGRESO
TXN000593,USR0010,"MXN 5,063.41",13-Feb-2025,NOMINA**,cargo
TXN000594,USR0019,3939.40,11-26-2025,Réstaurantes,CARGO
TXN000595,USR0001,"$2,747.32",2025-07-27,SUPERMERCADO,cargo
TXN000596,USR0022,"1,234.18 MXN",2025-02-06,educacion$,debito
TXN000597,USR0030,"$19,025.94",2025-03-30,AHORRO**,Abono
TXN000598,USR0027,"MXN 21,349.41",2025/11/01,Áhorro,ABONO
TXN000599,USR0027,24517.07,03-12-2025,NOMINA**,credito
TXN000600,USR0004,"1,172.83 MXN",12-23-2025,SALUD**,EGRESO
TXN000601,USR0004,"$8,155.07",2025-01-04,Áhorro,INGRESO
TXN000602,USR0010,"20,844.81 MXN",16/04/2025,nomina_quincenal,INGRESO
TXN000603,USR0020,"MXN 4,790.36",,super-mercado,DB
TXN000604,USR0004,$7815.49,2026/01/25,educacion$,debito
TXN000605,USR0009,"MXN 1,590.07",12/09/2025,SUPERMERCADO,Cargo
TXN000606,USR0010,3505.64,24-Jan-2026,Restaurántes,cargo
TXN000607,USR0006,"$3,906.24",01-May-2025,super-mercado,CARGO
TXN000608,USR0008,"2,642.75 MXN",13-Jan-2026,RENTA,CARGO
TXN000609,USR0016,"7,129.39 MXN",09-Nov-2025,SUPERMERCADO,Cargo
TXN000610,USR0021,$7805.67,2025-03-07,entretenimiento$$,Cargo
TXN000611,USR0015,"3,374.88 MXN",2025/06/01,Sérvicios,cargo
TXN000612,USR0006,"MXN 6,847.28",25-Sep-2025,Áhorro,CARGO
TXN000613,USR0024,"MXN 2,010.90",24/10/2025,NOMINA**,cargo
TXN000614,USR0002,7930.62,18-Jan-2025,Súpermercado,DB
TXN000615,USR0015,"$1,962.07",21-Dec-2025,Sérvicios,debito
TXN000616,USR0003,"3,864.27 MXN",27-Dec-2025,Supermercádo!!,cargo
TXN000617,USR0023,"MXN 22,431.04",2025-12-27,Nómina,CR
TXN000618,USR0010,5599.54,22/10/2025,Nómina,debito
TXN000619,USR0017,"MXN 7,109.42",07-Jul-2025,entretenimiento$$,CARGO
TXN000620,USR0023,"4,508.03 MXN",21/06/2025,Renta$$,Cargo
TXN000621,USR0028,$6037.73,06-30-2025,Réstaurantes,Cargo
TXN000622,USR0016,"MXN 4,237.13",2025/12/30,educacion$,CARGO
TXN000623,USR0012,"$1,547.41",11-Feb-2025,RENTA,EGRESO
TXN000624,USR0009,"5,591.80 MXN",2025/04/15,Renta$$,EGRESO
TXN000625,USR0005,,30/05/2025,Sérvicios,EGRESO
TXN000626,USR0017,$3322.95,2025/09/06,entretenimiento$$,cargo
TXN000627,USR0010,$20786.97,27-Apr-2025,AHORRO**,Abono
TXN000628,USR0012,3674.62,2025/03/24,salud_medica,Cargo
TXN000629,USR0029,"$1,331.97",2025/06/12,TRANSPORTE#,CARGO
TXN000630,USR0023,"5,341.15 MXN",10-Jul-2025,SUPERMERCADO,cargo
TXN000631,USR0030,$6159.72,2025-03-21,servicios_basicos,EGRESO
TXN000632,USR0010,"7,173.02 MXN",17-Oct-2025,SERVICIOS##,debito
TXN000633,USR0005,MXN 979.16,13/11/2025,EDUCACION,CARGO
TXN000634,USR0007,"20,625.67 MXN",2025-01-12,ahorro_programado,abono
TXN000635,USR0017,11355.16,01-29-2025,Nóminá,credito
TXN000636,USR0012,$2312.97,2025/08/17,Supermercádo!!,cargo
TXN000637,USR0014,"MXN 2,344.64",09-Jan-2026,Sérvicios,DB
TXN000638,USR0010,$7907.64,2025/02/03,SERVICIOS##,debito
TXN000639,USR0014,4468.72,22/01/2026,TRANSPORTE#,DB
TXN000640,USR0002,,,SALUD**,cargo
TXN000641,USR0021,$1037.21,02/08/2025,SERVICIOS##,DB
TXN000642,USR0025,3969.75,01-17-2026,Sálud#,CARGO
TXN000643,USR0016,3016.96,01-09-2025,RENTA,DB
TXN000644,USR0023,$2891.21,04-Jul-2025,transporte99,CARGO
TXN000645,USR0003,"1,590.83 MXN",2026-01-27,educacion$,DB
TXN000646,USR0027,$2208.10,,salud_medica,DB
TXN000647,USR0012,"$3,325.36",22/04/2025,servicios_basicos,Cargo
TXN000648,USR0020,6776.25,2025-12-26,EDUCACION,DB
TXN000649,USR0030,$3862.17,13-Mar-2025,super-mercado,cargo
TXN000650,USR0004,"1,073.28 MXN",19/12/2025,restaurante$,DB
TXN000651,USR0023,MXN 668.00,22/01/2025,Renta$$,EGRESO
TXN000652,USR0016,"$7,272.81",2025-06-04,Renta$$,CARGO
TXN000653,USR0029,"$1,519.02",16/02/2025,restaurante$,cargo
TXN000654,USR0017,16404.71,2026-01-26,ahorro_programado,ABONO
TXN000655,USR0029,$84.41,2025/04/20,educacion$,DB
TXN000656,USR0022,"MXN 1,487.75",06/08/2025,RENTA,cargo
TXN000657,USR0015,$4181.83,12-27-2025,Renta$$,EGRESO
TXN000658,USR0015,"5,512.02 MXN",11-Oct-2025,AHORRO**,EGRESO
TXN000659,USR0029,"7,515.70 MXN",07-Jan-2025,servicios_basicos,cargo
TXN000660,USR0003,1189.77,22/02/2025,Renta$$,EGRESO
TXN000661,USR0028,"MXN 21,762.18",2025/05/23,nomina_quincenal,CR
TXN000662,USR0012,"MXN 5,350.08",09-19-2025,Sérvicios,EGRESO
TXN000663,USR0016,"$5,045.55",2025-02-20,Restaurántes,Cargo
TXN000664,USR0020,1264.26,2025-02-19,entretenimiento$$,debito
TXN000665,USR0007,5313.64,2025/05/14,,EGRESO
TXN000666,USR0025,"MXN 7,926.16",08-19-2025,Súpermercado,CARGO
TXN000667,USR0022,"MXN 7,083.37",09/08/2025,salud_medica,Cargo
TXN000668,USR0022,5297.62,20-Oct-2025,SERVICIOS##,DB
TXN000669,USR0009,4748.81,12-13-2025,SERVICIOS##,EGRESO
TXN000670,USR0027,2823.57,01-14-2025,ENTRETENIMIENTO!!,DB
TXN000671,USR0012,"5,306.86 MXN",11-28-2025,Supermercádo!!,Cargo
TXN000672,USR0011,$206.71,24-Aug-2025,Tr@nsporte,cargo
TXN000673,USR0011,"MXN 11,448.43",21/02/2025,nomina_quincenal,ABONO
TXN000674,USR0006,"MXN 24,388.56",2025-11-22,ahorro_programado,Abono
TXN000675,USR0019,5015.35,2025/02/18,nomina_quincenal,CARGO
TXN000676,USR0014,$2811.17,09-16-2025,Réstaurantes,CARGO
TXN000677,USR0009,"18,431.20 MXN",2025/01/10,Áhorro,credito
TXN000678,USR0024,2180.09,11-Nov-2025,servicios_basicos,DB
TXN000679,USR0015,$1960.97,11-Aug-2025,transporte99,DB
TXN000680,USR0028,$10740.89,2025/12/18,NOMINA**,Abono
TXN000681,USR0008,"MXN 3,740.07",2025-08-05,SALUD**,debito
TXN000682,USR0026,"$5,286.43",05-Jan-2026,Sálud,Cargo
TXN000683,USR0010,$7209.57,2025-12-10,Réntá,EGRESO
TXN000684,USR0004,7466.84,2026/02/01,AHORRO**,debito
TXN000685,USR0025,"MXN 2,667.82",19/01/2026,ENTRETENIMIENTO!!,debito
TXN000686,USR0009,"$3,296.59",2025/09/09,SERVICIOS##,debito
TXN000687,USR0016,,09-01-2025,restaurante$,Cargo
TXN000688,USR0027,"5,540.93 MXN",2025/05/10,Súpermercado,DB
TXN000689,USR0026,"MXN 4,302.54",2025-07-18,Réntá,Cargo
TXN000690,USR0030,"MXN 2,414.51",11-20-2025,Réstaurantes,Cargo
TXN000691,USR0025,$3795.18,03-Jan-2026,Sérvicios,EGRESO
TXN000692,USR0012,$21268.56,2025-08-21,Nómina,CR
TXN000693,USR0021,$74.45,2025/06/10,Tránsporte,Cargo
TXN000694,USR0025,"MXN 6,783.34",13-Jun-2025,Tr@nsporte,DB
TXN000695,USR0019,"$6,406.25",08-01-2025,Entreténimiento,Cargo
TXN000696,USR0019,214.84,2025/11/28,RESTAURANTES!,CARGO
TXN000697,USR0023,MXN 445.77,11-04-2025,TRANSPORTE#,debito
TXN000698,USR0004,"MXN 5,762.74",11-Dec-2025,Supermercádo!!,EGRESO
TXN000699,USR0027,"MXN 2,339.30",08-Mar-2025,SALUD**,EGRESO
TXN000700,USR0022,"3,375.73 MXN",01-15-2025,restaurante$,EGRESO
TXN000701,USR0019,731.62 MXN,15-Jun-2025,servicios_basicos,EGRESO
TXN000702,USR0020,$630.79,01-27-2025,SALUD**,debito
TXN000703,USR0022,$6488.33,2025/09/16,AHORRO**,CARGO
TXN000704,USR0029,$376.94,2025/03/28,EDUCACION,Cargo
TXN000705,USR0011,"$3,491.79",2025-06-10,Educación!!,cargo
TXN000706,USR0012,$22538.73,09-22-2025,Nóminá,credito
TXN000707,USR0025,"MXN 4,467.61",28/01/2025,TRANSPORTE#,DB
TXN000708,USR0006,"$3,519.62",08-15-2025,servicios_basicos,EGRESO
TXN000709,USR0024,"1,033.05 MXN",26/05/2025,TRANSPORTE#,CARGO
TXN000710,USR0022,24960.09,2026/01/28,Áhorro,ABONO
TXN000711,USR0022,$7104.57,2025-12-15,Réntá,CARGO
TXN000712,USR0011,MXN 279.55,08-21-2025,Tránsporte,EGRESO
TXN000713,USR0015,7581.98,08/03/2025,Entreténimiento,DB
TXN000714,USR0024,"MXN 4,399.89",17-Feb-2025,renta_mensual,debito
TXN000715,USR0003,"MXN 6,826.15",04-Feb-2026,super-mercado,Cargo
TXN000716,USR0010,$6418.75,2025/12/17,Sérvicios,DB
TXN000717,USR0007,"MXN 3,591.27",2025/05/18,servicios_basicos,EGRESO
TXN000718,USR0020,"$3,501.14",2025/01/21,transporte99,EGRESO
TXN000719,USR0023,7448.81,02-12-2025,Tr@nsporte,debito
TXN000720,USR0005,"5,490.30 MXN",25-Sep-2025,transporte99,cargo
TXN000721,USR0017,"$4,109.68",2025/08/26,renta_mensual,EGRESO
TXN000722,USR0001,"5,937.10 MXN",04-Apr-2025,Renta$$,EGRESO
TXN000723,USR0019,6070.97,05-16-2025,Sérvicios,EGRESO
TXN000724,USR0009,"$3,498.70",2025-07-22,Renta$$,CARGO
TXN000725,USR0028,$2457.26,20-Dec-2025,AHORRO**,debito
TXN000726,USR0027,"$5,583.46",18-Apr-2025,SUPERMERCADO,Cargo
TXN000727,USR0026,,17-Mar-2025,EDUCACION,cargo
TXN000728,USR0023,"$7,712.74",2025/08/19,Sérvicios,EGRESO
TXN000729,USR0002,MXN 112.60,01-Aug-2025,entretenimiento$$,DB
TXN000730,USR0002,3227.46,2026/01/07,servicios_basicos,debito
TXN000731,USR0002,$201.21,2025-10-11,EDUCACION,debito
TXN000732,USR0016,"MXN 2,806.77",11/01/2025,AHORRO**,DB
TXN000733,USR0017,$4721.89,05-Nov-2025,RESTAURANTES!,DB
TXN000734,USR0014,6377.98,04-17-2025,entretenimiento$$,Cargo
TXN000735,USR0007,"MXN 4,865.70",09-10-2025,,CARGO
TXN000736,USR0029,"2,888.50 MXN",2025-09-15,Sálud,Cargo
TXN000737,USR0018,$3916.60,2026-01-29,restaurante$,cargo
TXN000738,USR0020,"MXN 5,665.92",2026-01-22,Renta$$,EGRESO
TXN000739,USR0004,383.66 MXN,2025-11-19,Educación!!,CARGO
TXN000740,USR0015,"4,012.21 MXN",11-28-2025,EDUCACION,CARGO
TXN000741,USR0014,$2000.26,2025/05/27,SUPERMERCADO,EGRESO
TXN000742,USR0012,"MXN 1,255.31",27/04/2025,Réstaurantes,debito
TXN000743,USR0028,"$6,367.13",15/08/2025,Educación!!,cargo
TXN000744,USR0011,"MXN 3,243.12",01-Feb-2025,Entreténimiento,Cargo
TXN000745,USR0002,"MXN 7,782.66",2025/12/15,EDUCACION,EGRESO
TXN000746,USR0027,"7,206.66 MXN",25-Dec-2025,Sálud#,debito
TXN000747,USR0020,"MXN 5,594.89",02/02/2026,SERVICIOS##,DB
TXN000748,USR0024,$4187.73,2025-04-20,transporte99,debito
TXN000749,USR0001,$4760.40,07-Jan-2026,educacion$,Cargo
TXN000750,USR0021,"$2,868.06",08-18-2025,educacion$,CARGO
TXN000751,USR0026,22886.78,01/11/2025,AHORRO**,CR
TXN000752,USR0019,"5,729.09 MXN",02-23-2025,TRANSPORTE#,debito
TXN000753,USR0023,MXN 701.48,08-Mar-2025,NOMINA**,CARGO
TXN000754,USR0019,$4175.61,27-Oct-2025,educacion$,EGRESO
TXN000755,USR0016,"MXN 1,197.55",31-Dec-2025,NOMINA**,Cargo
TXN000756,USR0023,"3,670.69 MXN",10-14-2025,Restaurántes,CARGO
TXN000757,USR0019,$370.24,07-10-2025,salud_medica,Cargo
TXN000758,USR0005,$23736.41,21/04/2025,ahorro_programado,abono
TXN000759,USR0028,$3369.72,17-Oct-2025,super-mercado,debito
TXN000760,USR0020,"MXN 6,107.51",25-Jan-2026,Tr@nsporte,debito
TXN000761,USR0020,$9656.45,2025-10-04,ahorro_programado,INGRESO
TXN000762,USR0028,$5672.31,2025-10-15,Tránsporte,debito
TXN000763,USR0002,"$20,011.17",2025/03/03,Áhorro,credito
TXN000764,USR0027,$21138.42,2025/07/25,Áhorro,credito
TXN000765,USR0006,$15558.04,2025-02-16,Nómina,INGRESO
TXN000766,USR0025,"1,276.11 MXN",2025/01/31,renta_mensual,EGRESO
TXN000767,USR0004,$1182.56,2025-07-12,Entreténimiento,cargo
TXN000768,USR0016,"$6,031.50",2025-05-18,EDUCACION,EGRESO
TXN000769,USR0014,$7314.19,2025/10/11,Restaurántes,CARGO
TXN000770,USR0010,6678.17,15/04/2025,AHORRO**,CR
TXN000771,USR0014,"MXN 3,641.35",,educacion$,CARGO
TXN000772,USR0016,"MXN 4,803.05",29/06/2025,salud_medica,DB
TXN000773,USR0010,"3,192.67 MXN",2026/01/07,renta_mensual,CARGO
TXN000774,USR0026,$7077.26,21-Jan-2026,ENTRETENIMIENTO!!,cargo
TXN000775,USR0015,"$23,280.36",08-Nov-2025,Áhorro,Abono
TXN000776,USR0029,"$6,111.60",2025-11-29,servicios_basicos,debito
TXN000777,USR0022,2856.31,03-Jul-2025,RENTA,EGRESO
TXN000778,USR0004,,05/01/2025,servicios_basicos,Cargo
TXN000779,USR0012,$765.23,03/01/2026,RESTAURANTES!,debito
TXN000780,USR0016,"MXN 8,921.74",02-26-2025,ahorro_programado,CR
TXN000781,USR0024,"$17,059.45",29/10/2025,ahorro_programado,Abono
TXN000782,USR0008,"5,844.75 MXN",2025-12-14,educacion$,cargo
TXN000783,USR0029,$65.54,15-Jun-2025,SERVICIOS##,EGRESO
TXN000784,USR0012,"6,084.22 MXN",01-25-2025,EDUCACION,DB
TXN000785,USR0011,"7,046.78 MXN",20-Dec-2025,Renta$$,CARGO
TXN000786,USR0003,$271.59,10-31-2025,renta_mensual,EGRESO
TXN000787,USR0027,"6,581.99 MXN",2025/02/07,Súpermercado,debito
TXN000788,USR0003,$7337.88,2025-12-22,SUPERMERCADO,EGRESO
TXN000789,USR0020,"$18,551.29",31-May-2025,Nóminá,credito
TXN000790,USR0020,12678.40,2025-11-14,AHORRO**,INGRESO
TXN000791,USR0017,"$4,723.12",2025/01/07,entretenimiento$$,CARGO
TXN000792,USR0019,$5117.04,04-Aug-2025,Tr@nsporte,cargo
TXN000793,USR0005,$4696.95,2025/06/09,SALUD**,debito
TXN000794,USR0012,"4,165.56 MXN",30/01/2025,Supermercádo!!,DB
TXN000795,USR0030,"6,292.85 MXN",08-Dec-2025,Réstaurantes,cargo
TXN000796,USR0011,"MXN 11,572.38",22-Jan-2025,Áhorro,ABONO
TXN000797,USR0015,"MXN 14,614.92",,,abono
TXN000798,USR0012,$4459.80,14/08/2025,super-mercado,Cargo
TXN000799,USR0006,"7,088.79 MXN",2025/06/23,RESTAURANTES!,DB
TXN000800,USR0030,216.90 MXN,2025-07-14,renta_mensual,DB
